{"losses_distributed": [[1, 1.5920007806426484], [2, 0.7956399223986009], [3, 0.6564432991838026], [4, 0.6104919493089156], [5, 0.5758191646039188], [6, 0.5489281217273733], [7, 0.5243968614505872], [8, 0.5076600691053479], [9, 0.5041524840966338], [10, 0.48410488727171397], [11, 0.49098162787262895], [12, 0.4565151796881972], [13, 0.44880871808169404], [14, 0.442664802399666], [15, 0.44930584324534356], [16, 0.4315433788626284], [17, 0.41502009819037355], [18, 0.41011139109944234], [19, 0.39901703651975845], [20, 0.399996011091228], [21, 0.39806593372121885], [22, 0.38939395452322306], [23, 0.3806578025311202], [24, 0.37939921850931324], [25, 0.3778315065493785]], "metrics_distributed_fit": {"accuracy": [[1, 34.03200266688891], [2, 61.00508375697975], [3, 68.41611800983415], [4, 71.16426368864072], [5, 72.87482290190849], [6, 73.93324443703642], [7, 75.19584965413785], [8, 75.95216268022335], [9, 76.86473872822735], [10, 77.68564047003917], [11, 78.35861321776815], [12, 78.79406617218102], [13, 79.44620385032086], [14, 80.04417034752896], [15, 80.18376531377615], [16, 80.72131010917576], [17, 81.36303025252104], [18, 81.61721810150846], [19, 81.89224102008501], [20, 82.21101758479874], [21, 82.17559796649721], [22, 82.59229935827986], [23, 82.88399033252772], [24, 83.18609884157013], [25, 83.2444370364197]]}, "metrics_distributed": {"accuracy": [[1, 51.65778073975341], [2, 73.33388870376541], [3, 76.89936687770744], [4, 78.22392535821393], [5, 79.13195601466178], [6, 80.13995334888371], [7, 80.99800066644453], [8, 81.69776741086305], [9, 81.44785071642785], [10, 82.83072309230256], [11, 82.04765078307231], [12, 83.68043985338221], [13, 83.83872042652449], [14, 84.23025658113961], [15, 83.68043985338221], [16, 84.63845384871709], [17, 85.54648450516494], [18, 85.41319560146617], [19, 85.99633455514828], [20, 85.54648450516494], [21, 85.55481506164612], [22, 86.37954015328224], [23, 86.59613462179274], [24, 86.46284571809397], [25, 86.49616794401867]]}}