{"losses_distributed": [[1, 17.190880670264658], [2, 54.41558258059183], [3, 143.15965864238083], [4, NaN], [5, NaN], [6, NaN], [7, NaN], [8, NaN], [9, NaN], [10, NaN], [11, NaN], [12, NaN], [13, NaN], [14, NaN], [15, NaN], [16, NaN], [17, NaN], [18, NaN], [19, NaN], [20, NaN], [21, NaN], [22, NaN], [23, NaN], [24, NaN], [25, NaN]], "metrics_distributed_fit": {"accuracy": [[1, 40.56379698308192], [2, 71.40803400283357], [3, 59.6445537128094], [4, 10.700891740978415], [5, 9.927910659221602], [6, 9.927910659221602], [7, 9.927910659221602], [8, 9.927910659221602], [9, 9.927910659221602], [10, 9.927910659221602], [11, 9.927910659221602], [12, 9.927910659221602], [13, 9.927910659221602], [14, 9.927910659221602], [15, 9.927910659221602], [16, 9.927910659221602], [17, 9.927910659221602], [18, 9.927910659221602], [19, 9.927910659221602], [20, 9.927910659221602], [21, 9.927910659221602], [22, 9.927910659221602], [23, 9.927910659221602], [24, 9.927910659221602], [25, 9.927910659221602]]}, "metrics_distributed": {"accuracy": [[1, 66.21126291236254], [2, 60.18827057647451], [3, 43.47717427524159], [4, 10.288237254248584], [5, 10.288237254248584], [6, 10.288237254248584], [7, 10.288237254248584], [8, 10.288237254248584], [9, 10.288237254248584], [10, 10.288237254248584], [11, 10.288237254248584], [12, 10.288237254248584], [13, 10.288237254248584], [14, 10.288237254248584], [15, 10.288237254248584], [16, 10.288237254248584], [17, 10.288237254248584], [18, 10.288237254248584], [19, 10.288237254248584], [20, 10.288237254248584], [21, 10.288237254248584], [22, 10.288237254248584], [23, 10.288237254248584], [24, 10.288237254248584], [25, 10.288237254248584]]}}