{"losses_distributed": [[1, 1.533081270592962], [2, 0.9029033100980395], [3, 0.7364465542800503], [4, 0.733055912318209], [5, 0.6467362544221585], [6, 0.6574862739248142], [7, 0.6373722180153123], [8, 0.622586740583668], [9, 0.5432799717623049], [10, 0.5322766873820429], [11, 0.5245801075717006], [12, 0.5351354749460532], [13, 0.5662800182018308], [14, 0.5510080414279546], [15, 0.5066257494761522], [16, 0.48000023192771074], [17, 0.45912694428780204], [18, 0.4647359891122121], [19, 0.443381639676009], [20, 0.45509520976226037], [21, 0.4394266793069264], [22, 0.4263948208538543], [23, 0.4359754872263491], [24, 0.4208506409603927], [25, 0.4439712555676212]], "metrics_distributed_fit": {"accuracy": [[1, 40.39982425307557], [2, 63.777914361811106], [3, 70.49559981472905], [4, 73.65992970123023], [5, 74.22417786012042], [6, 76.86567164179104], [7, 79.78855721393035], [8, 77.65817223198594], [9, 78.71265377855887], [10, 79.45957820738137], [11, 80.26864289022696], [12, 82.37976782752902], [13, 81.94200351493849], [14, 82.44727592267135], [15, 82.35940246045695], [16, 83.17223198594024], [17, 83.37193144974525], [18, 83.23297823066234], [19, 84.11687170474517], [20, 86.25621890547264], [21, 84.36776285317276], [22, 86.38059701492537], [23, 85.01621120889301], [24, 86.98175787728026], [25, 85.57202408522464]]}, "metrics_distributed": {"accuracy": [[1, 46.53448850383206], [2, 64.02032655781406], [3, 73.4005331556148], [4, 73.10896367877375], [5, 75.43318893702099], [6, 75.86637787404199], [7, 75.62479173608797], [8, 75.07497500833055], [9, 80.15661446184605], [10, 80.56481172942352], [11, 80.20659780073309], [12, 79.7400866377874], [13, 78.47384205264912], [14, 79.69010329890037], [15, 82.21426191269576], [16, 82.78073975341553], [17, 83.15561479506832], [18, 82.72242585804732], [19, 83.90536487837387], [20, 83.33888703765412], [21, 83.82205931356215], [22, 85.07164278573809], [23, 84.28023992002666], [24, 84.68843718760414], [25, 83.63045651449517]]}}