{"losses_distributed": [[1, 1.7766172232845552], [2, 0.7999215077972539], [3, 0.6593067231018597], [4, 0.6048481893644695], [5, 0.5786638052880227], [6, 0.543897421736989], [7, 0.5213486301262392], [8, 0.5029576256702399], [9, 0.48569832906320626], [10, 0.4797938818267805], [11, 0.465495392037149], [12, 0.4548936760756263], [13, 0.4437166080375347], [14, 0.44045045311720676], [15, 0.4214285219591564], [16, 0.41876183107112974], [17, 0.41012542503390936], [18, 0.40426143294312644], [19, 0.3940746150600517], [20, 0.3920835518302698], [21, 0.38213147807671444], [22, 0.3810885683476667], [23, 0.37530125910462797], [24, 0.37652614856959976], [25, 0.3693233913568527], [26, 0.3638222725172513], [27, 0.35915775650225257], [28, 0.3547838725464934], [29, 0.3535637153968617], [30, 0.34997437022420336], [31, 0.3458400169230429], [32, 0.34672301034953584], [33, 0.34648455150353435], [34, 0.33716655903430987], [35, 0.3390912131636947], [36, 0.334408955414547], [37, 0.3347569675852322], [38, 0.3340204594776615], [39, 0.33355512493840855], [40, 0.32785214807233665], [41, 0.3266724051882211], [42, 0.32311496887106533], [43, 0.3209185787178365], [44, 0.32076338490161527], [45, 0.32115809628116176], [46, 0.31817211154618685], [47, 0.31368879202761996], [48, 0.31046059356753486], [49, 0.3189266826293342], [50, 0.3124011497906112]], "metrics_distributed_fit": {"accuracy": [[1, 29.94832902741895], [2, 63.734477873156095], [3, 71.74556213017752], [4, 74.29994166180515], [5, 76.16259688307359], [6, 77.40228352362696], [7, 78.47528960746729], [8, 79.38369864155347], [9, 80.1775147928994], [10, 80.89215767980664], [11, 81.4026168847404], [12, 82.02141845153763], [13, 82.34644553712809], [14, 82.88190682556879], [15, 83.35902991915994], [16, 83.56113009417452], [17, 83.93199433286107], [18, 84.36953079423286], [19, 84.62371864322027], [20, 84.70497541461789], [21, 85.18209850820902], [22, 85.42378531544296], [23, 85.67797316443037], [24, 85.77173097758147], [25, 85.84673722810234], [26, 86.1071755979665], [27, 86.33011084257022], [28, 86.31552629385781], [29, 86.43636969747479], [30, 86.8780731727644], [31, 86.93224435369613], [32, 86.87390615884657], [33, 87.10309192432703], [34, 87.29060755062922], [35, 87.32394366197182], [36, 87.46770564213685], [37, 87.62188515709643], [38, 87.51354279523294], [39, 87.76773064422035], [40, 87.67397283106925], [41, 87.85940495041254], [42, 88.00941745145428], [43, 88.03441953496124], [44, 88.16984748729061], [45, 88.23860321693475], [46, 88.31152596049671], [47, 88.36153012751062], [48, 88.50529210767564], [49, 88.55946328860739], [50, 88.60321693474457]]}, "metrics_distributed": {"accuracy": [[1, 62.229256914361876], [2, 73.1839386871043], [3, 76.69943352215928], [4, 78.09896701099633], [5, 77.40753082305898], [6, 79.59013662112629], [7, 81.08130623125625], [8, 81.63945351549484], [9, 82.75574808397201], [10, 82.41419526824392], [11, 83.10563145618127], [12, 83.63045651449517], [13, 84.07197600799734], [14, 83.73875374875041], [15, 85.15494835054982], [16, 85.05498167277574], [17, 85.57147617460846], [18, 85.68810396534488], [19, 86.24625124958347], [20, 86.07964011996002], [21, 86.60446517827391], [22, 86.62112629123625], [23, 86.64611796067977], [24, 86.71276241252916], [25, 86.9793402199267], [26, 86.946017994002], [27, 87.08763745418194], [28, 87.49583472175941], [29, 87.57080973008998], [30, 87.59580139953349], [31, 87.72909030323225], [32, 87.77074308563812], [33, 87.78740419860047], [34, 87.91236254581806], [35, 87.82905698100633], [36, 88.0206597800733], [37, 87.93735421526158], [38, 87.8707097634122], [39, 88.07064311896035], [40, 88.2705764745085], [41, 88.3288903698767], [42, 88.3038987004332], [43, 88.41219593468844], [44, 88.42052649116961], [45, 88.4538487170943], [46, 88.41219593468844], [47, 88.72875708097301], [48, 88.93702099300233], [49, 88.27890703098967], [50, 88.67877374208597]]}}