{"losses_distributed": [[1, 1.2430208646746645], [2, 0.9349858235444914], [3, 0.71115286237635], [4, 0.6678629544269081], [5, 0.6830278139081012], [6, 0.678302790752374], [7, 0.5569443005605444], [8, 0.5474363389918105], [9, 0.5228432864745193], [10, 0.5417890292491487], [11, 0.4973502309892981], [12, 0.5040339259694553], [13, 0.4680660074301777], [14, 0.5402373356377829], [15, 0.4603704587022331], [16, 0.44309028517610033], [17, 0.438183497107454], [18, 0.4789450940331869], [19, 0.4431891175373639], [20, 0.44512780537032476], [21, 0.43903960766483646], [22, 0.4466817074569215], [23, 0.3983942009818947], [24, 0.429325798935431], [25, 0.3860488148286358]], "metrics_distributed_fit": {"accuracy": [[1, 50.15377855887522], [2, 67.77240773286468], [3, 70.81982399258916], [4, 74.2061053062897], [5, 76.84534270650263], [6, 76.66959578207381], [7, 77.69800833719314], [8, 80.82504145936981], [9, 80.40421792618629], [10, 82.62852404643449], [11, 83.1882255389718], [12, 83.58208955223881], [13, 84.14179104477611], [14, 83.85325131810194], [15, 85.50995024875621], [16, 85.71724709784411], [17, 85.7587064676617], [18, 85.1054481546573], [19, 86.5049751243781], [20, 86.83665008291874], [21, 86.87810945273633], [22, 85.03937007874016], [23, 87.83167495854063], [24, 85.6415006947661], [25, 86.66520210896309]]}, "metrics_distributed": {"accuracy": [[1, 57.6974341886038], [2, 62.10429856714428], [3, 73.0923025658114], [4, 73.53382205931356], [5, 74.8167277574142], [6, 74.33355548150617], [7, 78.59046984338553], [8, 79.54015328223926], [9, 81.14795068310563], [10, 78.18227257580807], [11, 82.01432855714762], [12, 81.20626457847384], [13, 83.1306231256248], [14, 80.65644785071643], [15, 83.55548150616461], [16, 84.35521492835721], [17, 84.44685104965012], [18, 83.2805731422859], [19, 84.17194268577141], [20, 84.49683438853715], [21, 84.71342885704765], [22, 83.69710096634455], [23, 85.77974008663779], [24, 84.68843718760414], [25, 86.27124291902699]]}}