{"losses_distributed": [[1, 1.5033919794763655], [2, 0.8033437674907953], [3, 0.7458388382436751], [4, 0.6893335501727006], [5, 0.7031386954780023], [6, 0.6146018992797886], [7, 0.6221567867587543], [8, 0.7087045658264348], [9, 0.5709402069265705], [10, 0.5339720240163827], [11, 0.5224919303263557], [12, 0.49523031282319663], [13, 0.5017295419072477], [14, 0.47939577316868426], [15, 0.46111391569149174], [16, 0.47149411155924487], [17, 0.49187094706052625], [18, 0.45145456634911246], [19, 0.42471935353510304], [20, 0.4409240494267776], [21, 0.44368773618863844], [22, 0.4188363399953693], [23, 0.4302681570562948], [24, 0.3988508571017507], [25, 0.42180085796906286]], "metrics_distributed_fit": {"accuracy": [[1, 39.45803040317251], [2, 61.996294580824454], [3, 72.24058162590879], [4, 73.32098193608152], [5, 74.82425307557118], [6, 77.92155276991508], [7, 79.14593698175787], [8, 78.75659050966608], [9, 81.01160862354892], [10, 81.17744610281923], [11, 82.45049504950495], [12, 82.85655058043118], [13, 83.10530679933665], [14, 84.51492537313433], [15, 80.9322033898305], [16, 82.21398795738767], [17, 84.95024875621891], [18, 82.74664196387216], [19, 83.88142658638259], [20, 84.33575677461997], [21, 86.11111111111111], [22, 86.87810945273633], [23, 87.04394693200663], [24, 85.19497686715135], [25, 85.10685172945583]]}, "metrics_distributed": {"accuracy": [[1, 49.64178607130956], [2, 72.65911362879041], [3, 70.85971342885705], [4, 73.78373875374875], [5, 73.95034988337221], [6, 77.69910029990004], [7, 76.38287237587471], [8, 72.30089970009996], [9, 78.15728090636455], [10, 79.89003665444852], [11, 80.03998667110963], [12, 81.76441186271244], [13, 81.60613128957014], [14, 82.1726091302899], [15, 83.23058980339887], [16, 82.59746751082973], [17, 81.78107297567477], [18, 83.24725091636121], [19, 84.5134955014995], [20, 83.57214261912696], [21, 83.65544818393869], [22, 84.58847050983006], [23, 84.02199266911029], [24, 85.3798733755415], [25, 84.46351216261246]]}}