{"losses_distributed": [[1, 1.6864606165580056], [2, 0.9665114898675284], [3, 0.7708040751971152], [4, 0.6487588737804227], [5, 0.6486721306999538], [6, 0.606020291962452], [7, 0.586301085855396], [8, 0.5872801767860163], [9, 0.5357722910353836], [10, 0.5171547068363029], [11, 0.5507737337098008], [12, 0.4978210378000038], [13, 0.4989166007026836], [14, 0.48358957164339605], [15, 0.49645279771693346], [16, 0.4582168512153093], [17, 0.5110746371233634], [18, 0.4862291981943724], [19, 0.49126421146514376], [20, 0.4407721946375325], [21, 0.4353872551813955], [22, 0.4468514932364831], [23, 0.42001804611616156], [24, 0.41604346906104034], [25, 0.428067882796976]], "metrics_distributed_fit": {"accuracy": [[1, 39.67486818980668], [2, 64.76274165202109], [3, 71.50702987697716], [4, 72.37146827234831], [5, 75.9680393362016], [6, 77.07437000614628], [7, 78.44903339191565], [8, 80.03731343283582], [9, 78.85595182955072], [10, 79.05569007263922], [11, 82.17247097844113], [12, 81.33395090319593], [13, 83.17223198594024], [14, 83.26010544815466], [15, 83.87521968365553], [16, 84.57711442786069], [17, 84.4244288224956], [18, 83.487725798981], [19, 84.52987494210282], [20, 84.29828624363131], [21, 85.10884668828162], [22, 85.08568781843447], [23, 85.31727651690598], [24, 86.24363131079204], [25, 85.8267716535433]]}, "metrics_distributed": {"accuracy": [[1, 54.031989336887705], [2, 60.46317894035322], [3, 71.63445518160613], [4, 76.15794735088303], [5, 75.35821392869043], [6, 75.8330556481173], [7, 78.74875041652783], [8, 76.64945018327224], [9, 80.2315894701766], [10, 80.52315894701766], [11, 79.60679773408863], [12, 81.58113962012662], [13, 81.51449516827724], [14, 82.23092302565811], [15, 82.23092302565811], [16, 83.23058980339887], [17, 81.93935354881707], [18, 81.59780073308897], [19, 81.34788403865379], [20, 83.8053982005998], [21, 84.296901032989], [22, 83.59713428857047], [23, 85.1299566811063], [24, 84.93835388203932], [25, 84.5468177274242]]}}