{"losses_distributed": [[1, 1.423850216664143], [2, 0.8752734042711553], [3, 0.9197363456123394], [4, 0.6822722401719458], [5, 0.6308680213031989], [6, 0.637195300704358], [7, 0.6746228625529291], [8, 0.5849097232119873], [9, 0.5873766410146225], [10, 0.550027684978607], [11, 0.5634773986185045], [12, 0.5060704070249227], [13, 0.4974623976355392], [14, 0.523216461363692], [15, 0.5754398079176261], [16, 0.5325324500090716], [17, 0.5396819181146919], [18, 0.4633569726841484], [19, 0.5001469139941968], [20, 0.4518298627718692], [21, 0.46034600644042517], [22, 0.4971279679775556], [23, 0.45957426784913247], [24, 0.5313516835204485], [25, 0.4145453692659343]], "metrics_distributed_fit": {"accuracy": [[1, 44.5079086115993], [2, 63.524779990736455], [3, 71.0896309314587], [4, 73.20518758684577], [5, 76.53668208856577], [6, 77.66027759418374], [7, 78.62769485903814], [8, 78.95430579964851], [9, 80.48028200044062], [10, 81.03106411103768], [11, 81.22934567085261], [12, 80.4261862917399], [13, 82.57325402070941], [14, 83.67481824190351], [15, 84.02731879268562], [16, 83.87309980171844], [17, 84.71028860982595], [18, 84.64419475655431], [19, 85.19497686715135], [20, 85.39603960396039], [21, 85.81185283102005], [22, 86.3626349416171], [23, 86.3626349416171], [24, 86.34060365719321], [25, 86.91341705221414]]}, "metrics_distributed": {"accuracy": [[1, 43.752082639120296], [2, 66.91936021326225], [3, 63.98700433188937], [4, 74.54181939353549], [5, 76.31622792402533], [6, 75.1832722425858], [7, 74.45851382872375], [8, 78.06564478507164], [9, 77.11596134621793], [10, 79.14028657114295], [11, 78.03232255914695], [12, 81.3728757080973], [13, 80.48983672109297], [14, 80.18993668777074], [15, 78.09896701099633], [16, 79.431856047984], [17, 77.7740753082306], [18, 82.77240919693436], [19, 80.81472842385871], [20, 83.32222592469176], [21, 82.28923692102633], [22, 82.1142952349217], [23, 82.77240919693436], [24, 79.70676441186271], [25, 84.93835388203932]]}}