{"losses_distributed": [[1, 2.0531518019584367], [2, 1.8531920759430014], [3, 1.7801763239561499], [4, 1.7699091170418861], [5, 1.629309256904644], [6, 1.5894799221062494], [7, 1.5843813064613965], [8, 1.5154191778326622], [9, 1.5441077796668459], [10, 1.4861584497427631], [11, 1.5258358653606237], [12, 1.4427686384899225], [13, 1.4451446893492448], [14, 1.371829811442657], [15, 1.3393450542832566], [16, 1.3570391006248865], [17, 1.3759722566850898], [18, 1.3760705949941583], [19, 1.393529495500557], [20, 1.3113477354902143], [21, 1.3862361535951322], [22, 1.3618537456204358], [23, 1.338321667309802], [24, 1.3232183898142758], [25, 1.2671930922325036]], "metrics_distributed_fit": {"accuracy": [[1, 37.14059504958747], [2, 61.1550962580215], [3, 67.10767563963664], [4, 70.3121093424452], [5, 72.14767897324776], [6, 74.01450120843404], [7, 75.32919409950829], [8, 76.46262188515709], [9, 77.66063838653221], [10, 78.03150262521876], [11, 79.02950245853822], [12, 79.66497208100675], [13, 80.01083423618635], [14, 80.69005750479207], [15, 81.44637053087757], [16, 81.90474206183849], [17, 82.2235186265522], [18, 82.52979414951245], [19, 82.84648720726727], [20, 83.03608634052837], [21, 83.31527627302275], [22, 83.75697974831236], [23, 83.8590715892991], [24, 84.24660388365697], [25, 84.26535544628719]]}, "metrics_distributed": {"accuracy": [[1, 21.40119960013329], [2, 28.79873375541486], [3, 30.348217260913028], [4, 31.097967344218596], [5, 30.45651449516828], [6, 31.639453515494836], [7, 33.33055648117294], [8, 30.389870043318894], [9, 30.031656114628458], [10, 36.66277907364212], [11, 29.448517160946352], [12, 32.58080639786738], [13, 34.388537154281906], [14, 36.41286237920693], [15, 39.395201599466844], [16, 33.680439853382204], [17, 38.68710429856714], [18, 31.297900699766746], [19, 34.48850383205598], [20, 36.04631789403532], [21, 32.74741752749084], [22, 34.35521492835721], [23, 31.789403532155948], [24, 32.26424525158281], [25, 37.4375208263912]]}}