{"losses_distributed": [[1, 1.5951962137730746], [2, 0.9491692293647606], [3, 0.7923817700671975], [4, 0.7318266071664695], [5, 0.6965416246247427], [6, 0.655131201621335], [7, 0.6417364625384989], [8, 0.6202808298426284], [9, 0.5929348794361704], [10, 0.5711897631578944], [11, 0.5779946422783465], [12, 0.5489687373025621], [13, 0.5702914639647029], [14, 0.5285756645456666], [15, 0.5208852094179469], [16, 0.5075454276175508], [17, 0.5047402583641117], [18, 0.4937542823032513], [19, 0.47792754802692733], [20, 0.47094241551799165], [21, 0.48612447905266376], [22, 0.45537105711628223], [23, 0.46371557789717227], [24, 0.45041347530654013], [25, 0.422031570296711]], "metrics_distributed_fit": {"accuracy": [[1, 34.92166013834486], [2, 61.188432369364115], [3, 67.4806233852821], [4, 70.35377948162346], [5, 72.62271855987998], [6, 73.91865988832403], [7, 75.17918159846654], [8, 76.26260521710142], [9, 77.08559046587216], [10, 77.63355279606634], [11, 78.39403283606967], [12, 79.14826235519627], [13, 79.64622051837654], [14, 80.04625385448787], [15, 80.76298024835403], [16, 81.388032336028], [17, 81.59846653887824], [18, 82.05475456288023], [19, 82.43395282940244], [20, 82.75481290107508], [21, 83.29652471039253], [22, 83.45487123926993], [23, 83.67155596299692], [24, 84.12367697308109], [25, 84.15492957746478]]}, "metrics_distributed": {"accuracy": [[1, 59.48850383205598], [2, 67.16927690769744], [3, 73.10063312229256], [4, 74.79173608797068], [5, 76.04965011662779], [6, 76.9410196601133], [7, 77.7740753082306], [8, 78.06564478507164], [9, 79.22359213595468], [10, 79.84005331556148], [11, 79.80673108963678], [12, 80.63145618127291], [13, 79.76507830723092], [14, 81.56447850716428], [15, 81.65611462845717], [16, 82.23925358213928], [17, 82.44751749416861], [18, 83.16394535154949], [19, 83.63045651449517], [20, 84.06364545151617], [21, 83.13895368210596], [22, 85.07164278573809], [23, 83.86371209596801], [24, 84.68843718760414], [25, 85.80473175608131]]}}