{"losses_distributed": [[1, 3.5226660458813583], [2, 31.948322561334585], [3, 213.38315271608275], [4, 9161.850445522066], [5, NaN], [6, NaN], [7, NaN], [8, NaN], [9, NaN], [10, NaN], [11, NaN], [12, NaN], [13, NaN], [14, NaN], [15, NaN], [16, NaN], [17, NaN], [18, NaN], [19, NaN], [20, NaN], [21, NaN], [22, NaN], [23, NaN], [24, NaN], [25, NaN]], "metrics_distributed_fit": {"accuracy": [[1, 19.684973747812318], [2, 64.22826902241853], [3, 55.16709725810484], [4, 28.87532294357863], [5, 10.67797316443037], [6, 10.011250937578131], [7, 10.011250937578131], [8, 10.011250937578131], [9, 10.011250937578131], [10, 10.011250937578131], [11, 10.011250937578131], [12, 10.011250937578131], [13, 10.011250937578131], [14, 10.011250937578131], [15, 10.011250937578131], [16, 10.011250937578131], [17, 10.011250937578131], [18, 10.011250937578131], [19, 10.011250937578131], [20, 10.011250937578131], [21, 10.011250937578131], [22, 10.011250937578131], [23, 10.011250937578131], [24, 10.011250937578131], [25, 10.011250937578131]]}, "metrics_distributed": {"accuracy": [[1, 19.501832722425856], [2, 70.80139953348883], [3, 48.3672109296901], [4, 29.198600466511163], [5, 9.955014995001665], [6, 9.955014995001665], [7, 9.955014995001665], [8, 9.955014995001665], [9, 9.955014995001665], [10, 9.955014995001665], [11, 9.955014995001665], [12, 9.955014995001665], [13, 9.955014995001665], [14, 9.955014995001665], [15, 9.955014995001665], [16, 9.955014995001665], [17, 9.955014995001665], [18, 9.955014995001665], [19, 9.955014995001665], [20, 9.955014995001665], [21, 9.955014995001665], [22, 9.955014995001665], [23, 9.955014995001665], [24, 9.955014995001665], [25, 9.955014995001665]]}}