{"losses_distributed": [[1, 1.2475243234229223], [2, 0.7449647062115176], [3, 0.6586338569326664], [4, 0.6258674294094132], [5, 0.5859439550777628], [6, 0.5623603520126035], [7, 0.5399191058583753], [8, 0.5213455837871662], [9, 0.5098025063620691], [10, 0.5047546873953452], [11, 0.4817824653588466], [12, 0.49142140230509646], [13, 0.4599548799098432], [14, 0.45422547482890074], [15, 0.44275449426153907], [16, 0.4335286170070428], [17, 0.4265670645280665], [18, 0.4243670775865722], [19, 0.422664076420058], [20, 0.40843105717614586], [21, 0.41109343018830913], [22, 0.39705135267363195], [23, 0.3994477638370869], [24, 0.3870546845337503], [25, 0.38129570798917994]], "metrics_distributed_fit": {"accuracy": [[1, 40.436703058588215], [2, 67.89315776314693], [3, 72.47687307275606], [4, 75.10417534794566], [5, 76.65638803233603], [6, 77.60855071255938], [7, 78.92324360363364], [8, 79.63788649054088], [9, 80.30877573131094], [10, 80.81506792232686], [11, 81.72556046337195], [12, 82.03600300025002], [13, 82.57979831652638], [14, 83.07775647970664], [15, 83.50695891324277], [16, 83.7486457204767], [17, 84.20493374447871], [18, 84.33202766897242], [19, 84.74039503291941], [20, 85.23835319609968], [21, 85.26752229352446], [22, 85.40920076673056], [23, 85.51545962163513], [24, 85.77381448454038], [25, 86.0134177848154]]}, "metrics_distributed": {"accuracy": [[1, 67.16094635121627], [2, 72.82572475841386], [3, 75.47484171942686], [4, 76.62445851382873], [5, 78.56547817394203], [6, 79.34855048317227], [7, 79.84005331556148], [8, 80.80639786737754], [9, 81.38953682105965], [10, 81.53115628123959], [11, 82.6057980673109], [12, 82.08930356547818], [13, 83.58047317560813], [14, 83.53048983672109], [15, 84.17194268577141], [16, 84.53848717094301], [17, 84.88003998667111], [18, 84.74675108297234], [19, 84.40519826724424], [20, 85.49650116627791], [21, 85.4381872709097], [22, 85.85471509496834], [23, 85.94635121626125], [24, 86.07964011996002], [25, 86.26291236254582]]}}