{"losses_distributed": [[1, 1.9641249129490945], [2, 1.7275097085034516], [3, 1.6232923409693323], [4, 1.5513019797028165], [5, 1.5409522788677958], [6, 1.4942999290689076], [7, 1.4407783689319353], [8, 1.479186571347479], [9, 1.3871701914284555], [10, 1.4200541723453772], [11, 1.319773301586474], [12, 1.387871925739875], [13, 1.3548512196429607], [14, 1.4253929867541064], [15, 1.3186940724295164], [16, 1.3655829626554172], [17, 1.284478335351159], [18, 1.354446735621611], [19, 1.1593509647636484], [20, 1.2982944290425849], [21, 1.2409729543367016], [22, 1.1790627941255847], [23, 1.2111155842590713], [24, 1.218682831553609], [25, 1.156213679956381]], "metrics_distributed_fit": {"accuracy": [[1, 36.419701641803485], [2, 59.54246187182265], [3, 64.86165513792817], [4, 68.50570880906743], [5, 71.02466872239353], [6, 72.55187932327694], [7, 74.01450120843404], [8, 75.2666888907409], [9, 76.19801650137511], [10, 77.03350279189932], [11, 77.6585548795733], [12, 78.36903075256271], [13, 78.78156513042754], [14, 79.5003750312526], [15, 80.08792399366614], [16, 80.52754396199683], [17, 80.87548962413534], [18, 81.28594049504126], [19, 81.77764813734478], [20, 82.20476706392199], [21, 82.62563546962247], [22, 82.6943911992666], [23, 82.96941411784316], [24, 83.1819318276523], [25, 83.4486207183932]]}, "metrics_distributed": {"accuracy": [[1, 28.240586471176275], [2, 35.97967344218594], [3, 35.371542819060316], [4, 33.0973008997001], [5, 29.81506164611796], [6, 30.18160613128957], [7, 31.956014661779406], [8, 31.531156281239586], [9, 38.445518160613126], [10, 32.26424525158281], [11, 36.75441519493502], [12, 30.814728423858714], [13, 30.539820059980006], [14, 25.408197267577474], [15, 33.847050983005666], [16, 28.11562812395868], [17, 33.672109296901034], [18, 34.47184271909364], [19, 49.90003332222592], [20, 29.115294901699432], [21, 35.98800399866711], [22, 43.585471509496834], [23, 34.971676107964015], [24, 37.20426524491836], [25, 46.11796067977341]]}}