{"losses_distributed": [[1, 1.3996966442677308], [2, 0.7955263652967557], [3, 0.6742668883904184], [4, 0.6165642806765478], [5, 0.5836627927721441], [6, 0.5567564284034826], [7, 0.5343904506436231], [8, 0.5130066483845436], [9, 0.4982159046933517], [10, 0.483183349705227], [11, 0.47585391819536665], [12, 0.4596709064302624], [13, 0.45531091406837143], [14, 0.43852458537488886], [15, 0.4336167246982162], [16, 0.4229604492720585], [17, 0.4218012914930491], [18, 0.4226919691742797], [19, 0.40549618419370265], [20, 0.3993822956673108], [21, 0.3943728996476147], [22, 0.3878509846405163], [23, 0.381471501724774], [24, 0.37810050028288456], [25, 0.3761892247496943]], "metrics_distributed_fit": {"accuracy": [[1, 38.667805650470875], [2, 66.35136261355113], [3, 72.38936578048171], [4, 74.94166180515043], [5, 76.40220018334861], [6, 77.43353612801067], [7, 78.51279273272773], [8, 79.37119759979998], [9, 80.09417451454289], [10, 80.89007417284773], [11, 81.56929744145346], [12, 81.7818151512626], [13, 82.48812401033419], [14, 82.88607383948663], [15, 83.10484207017251], [16, 83.57154762896909], [17, 83.91115926327194], [18, 84.0611717643137], [19, 84.57788149012417], [20, 84.75914659554962], [21, 85.06333861155096], [22, 85.16751395949663], [23, 85.5883823651971], [24, 85.55504625385448], [25, 85.70922576881406]]}, "metrics_distributed": {"accuracy": [[1, 66.40286571142953], [2, 72.43418860379873], [3, 76.24958347217594], [4, 76.59113628790404], [5, 78.4488503832056], [6, 79.29856714428524], [7, 79.83172275908031], [8, 81.67277574141953], [9, 82.01432855714762], [10, 82.56414528490504], [11, 82.79740086637787], [12, 83.63878707097633], [13, 83.59713428857047], [14, 84.48017327557481], [15, 84.68843718760414], [16, 85.07997334221926], [17, 84.99666777740754], [18, 84.66344551816061], [19, 85.31322892369211], [20, 85.77974008663779], [21, 85.79640119960014], [22, 86.11296234588471], [23, 86.27957347550816], [24, 86.53782072642453], [25, 86.62112629123625]]}}