{"losses_distributed": [[1, 1.292265994455051], [2, 0.9291534369159087], [3, 0.709916858474877], [4, 0.6231799927533607], [5, 0.6914048051285926], [6, 0.5877944313905827], [7, 0.5970142512014015], [8, 0.5661801199879657], [9, 0.523082374520935], [10, 0.5032345318855821], [11, 0.5761608172931778], [12, 0.488995815939166], [13, 0.5129289107471059], [14, 0.5272308090197091], [15, 0.4600850737485159], [16, 0.46265609702421245], [17, 0.45499097317040105], [18, 0.45498571903139146], [19, 0.45064454858390857], [20, 0.49620496884102583], [21, 0.42337696679539777], [22, 0.4242810040652772], [23, 0.40851399135893485], [24, 0.40802908395825127], [25, 0.4210268255994742]], "metrics_distributed_fit": {"accuracy": [[1, 44.068541300527244], [2, 67.57469244288225], [3, 72.0935618341825], [4, 74.13154238073182], [5, 76.2853172765169], [6, 76.86428902269569], [7, 79.87147595356551], [8, 79.55071792496526], [9, 79.19985838201451], [10, 81.05604446503011], [11, 80.99736379613357], [12, 82.4918943955535], [13, 84.3698175787728], [14, 84.66003316749585], [15, 83.11718388142658], [16, 84.0203798054655], [17, 85.7379767827529], [18, 84.71514590088003], [19, 86.52570480928689], [20, 86.48514851485149], [21, 85.20148216767022], [22, 85.94256600277906], [23, 85.36906854130052], [24, 87.31343283582089], [25, 87.74875621890547]]}, "metrics_distributed": {"accuracy": [[1, 63.37054315228257], [2, 64.14528490503166], [3, 74.4751749416861], [4, 77.38253915361547], [5, 73.68377207597467], [6, 78.92369210263246], [7, 77.98233922025992], [8, 79.11529490169943], [9, 80.72309230256582], [10, 81.60613128957014], [11, 77.04931689436854], [12, 81.89770076641119], [13, 80.81472842385871], [14, 80.32322559146951], [15, 83.5888037320893], [16, 83.15561479506832], [17, 83.36387870709764], [18, 83.622125958014], [19, 83.54715094968344], [20, 81.24791736087971], [21, 84.53015661446184], [22, 84.50516494501832], [23, 85.26324558480506], [24, 85.31322892369211], [25, 84.72175941352883]]}}